{ 
    "_id" : {
        "sex" : "Male"
    }, 
    "avgH" : 166.24596122778675, 
    "avgW" : 69.51534733441034
}

{ 
    "_id" : {
        "sex" : "Female"
    }, 
    "avgH" : 166.3082233502538, 
    "avgW" : 69.62395939086295
}